"","alpha","rhoC","AVE","rhoA"
"PE",0.9402055643097,0.957198890638729,0.8483599769136,0.941624305270736
"EE",0.934972324673606,0.564458691175416,0.265955030135801,1
"SI",0.965259439433177,0.977366554897901,0.93504409563442,0.96716380675376
"FC",0.776451273141165,0.832798854254866,0.557642287525789,1.01037343347586
"BI",0.980987935973383,0.987487767341505,0.96338018555065,0.981127977746685
